Customer Name,Address,Mobile,Pincode,Order ID,Item,Quantity,Width,Height,Length,Invoice Value,COD Amount if not Enter 0,State,City,"Additional Details(dangures Goods, Extra Care)",Weight,Total Amount,pickup_id,pickup_name,pickup_mobile,pickup_pincode,pickup_gstin,pickup_address,pickup_state,pickup_city,Order_Type
Amitendra Kushwaha,Chak hariharvan Chhatnag road Jhunsi,8052543669,211019,,WESTERN DIGITAL 1 TB EXTERNAL HDD ,1,10,8,8,2299,2299,utter pradesh,Allahabad,,0.15,2299,,VJ Enterprises,7007672310,110085,,"Pocket G 5, Sector 16",Delhi,New Delhi,COD
Plaban Kabiraj,"Swadeshalaya, palashdiha, Durgapur-08, district burdwan",9564697592,713208,,WESTERN DIGITAL 1 TB EXTERNAL HDD ,1,10,8,8,2299,2299,west bengal,DURGAPUR,,0.15,2299,,VJ Enterprises,7007672310,110085,,"Pocket G 5, Sector 16",Delhi,New Delhi,COD
THULASIRAMAN,"231 amman kovil street, kodalikaruppur",9788995996,612902,,WESTERN DIGITAL 1 TB EXTERNAL HDD ,1,10,8,8,2299,2299,tamilnadu,ariyalur,,0.15,2299,,VJ Enterprises,7007672310,110085,,"Pocket G 5, Sector 16",Delhi,New Delhi,COD
Aananda Bavaskar,sukli.muktaingar,9834263440,425306,,WESTERN DIGITAL 1 TB EXTERNAL HDD ,1,10,8,8,2299,2299,photography,muktaingar,,0.15,2299,,VJ Enterprises,7007672310,110085,,"Pocket G 5, Sector 16",Delhi,New Delhi,COD
Subash,"Kamatchiamman kovil street, chithapallam",9578048040,641664,,WESTERN DIGITAL 1 TB EXTERNAL HDD ,1,10,8,8,2299,2299,Tamil Nadu,Palladam,,0.15,2299,,VJ Enterprises,7007672310,110085,,"Pocket G 5, Sector 16",Delhi,New Delhi,COD
Dnyaneshwar Patange,Manglvar peth holi katta,8956681503,416115,,WESTERN DIGITAL 1 TB EXTERNAL HDD ,1,10,8,8,2299,2299,Maharstra,Ichalkaranji,,0.15,2299,,VJ Enterprises,7007672310,110085,,"Pocket G 5, Sector 16",Delhi,New Delhi,COD
Ajay Gupta,Manjhanpur kaushambi,9984273047,212207,,WESTERN DIGITAL 1 TB EXTERNAL HDD ,1,10,8,8,2299,2299,up,Allahabad,,0.15,2299,,VJ Enterprises,7007672310,110085,,"Pocket G 5, Sector 16",Delhi,New Delhi,COD
Parag Arun Kulkarni,G/26 4th floor ambewadi opp majestic shopping center girgaon mumbai4,9702280010,400004,,WESTERN DIGITAL 1 TB EXTERNAL HDD ,1,10,8,8,2299,2299,maharashtra,Mumbai,,0.15,2299,,VJ Enterprises,7007672310,110085,,"Pocket G 5, Sector 16",Delhi,New Delhi,COD
DHEERAJ_OFFICIAL...,Habsiguda st1,7032369011,500007,,WESTERN DIGITAL 1 TB EXTERNAL HDD ,1,10,8,8,2299,2299,Telangana,Hyderabad,,0.15,2299,,VJ Enterprises,7007672310,110085,,"Pocket G 5, Sector 16",Delhi,New Delhi,COD
mirror image photography,Near Karnataka saw mill mithagela house munnuru post and village kuthar,8951000825,575017,,WESTERN DIGITAL 1 TB EXTERNAL HDD ,1,10,8,8,2299,2299,Karnataka,Mangalore,,0.15,2299,,VJ Enterprises,7007672310,110085,,"Pocket G 5, Sector 16",Delhi,New Delhi,COD
