Customer Name,Address,Mobile,Pincode,Order ID,Item,Quantity,Width,Height,Length,Invoice Value,COD Amount if not Enter 0,State,City,"Additional Details(dangures Goods, Extra Care)",Weight,Total Amount,pickup_id,pickup_name,pickup_mobile,pickup_pincode,pickup_gstin,pickup_address,pickup_state,pickup_city,Order_Type
BadavathDivyaDivya,"Yellamakuntha(m).mopal(d)nzbh.no.3-76,Village,Village",9640283874,503203,VVVVCR7204,StockClearanceSaleOfWomen'sFacnyWearPack!-M,2,10,10,10,999,999,TS,Village,,450,999,4138,Little Angle ,7042213193,110071,,LAC Goyla dairy ,Delhi,Delhi,COD
PulukuriAnush,"HolyPraiseChurch,VVNagarMarketYardEluru,Eluru",8096521222,534081,VVVVCR7060,GetTheOfferNowOfWomen'sDressesPack!-L,2,10,10,10,999,999,AP,Eluru,,450,999,4138,Little Angle ,7042213193,110071,,LAC Goyla dairy ,Delhi,Delhi,COD
pphanisri,"Yellamachili,kattupalemvillageSomalingapalempost,Elamanchili",9553206280,531055,VVVVCR7068,NewOfferOfBestDesignerDressesPack!-M,2,10,10,10,999,999,AP,Elamanchili,,450,999,4138,Little Angle ,7042213193,110071,,LAC Goyla dairy ,Delhi,Delhi,COD
Pallavibunker,"VillagenadiathehsilGaliyakotBadgidisticDungarpur,Govt.School,Badgi",7878525034,314030,VVVVCR7114,PartyWearPackForWomen'sWithHeavyDiscount!-M,2,10,10,10,999,999,RJ,Badgi,,450,999,4138,Little Angle ,7042213193,110071,,LAC Goyla dairy ,Delhi,Delhi,COD
Sri Vidya,"Konanki   village, Martur.  Mandal,Martur",8464899326,523260,VVVVCR6087,Get The Offer Now Of Women's Dresses Pack! - M,2,10,10,10,999,999,AP,Martur,,450,999,4138,Little Angle ,7042213193,110071,,LAC Goyla dairy ,Delhi,Delhi,COD
