Customer Name,Address,Mobile,Pincode,Order ID,Item,Quantity,Width,Height,Length,Invoice Value,COD Amount if not Enter 0,State,City,"Additional Details(dangures Goods, Extra Care)",Weight,Total Amount,pickup_id,pickup_name,pickup_mobile,pickup_pincode,pickup_gstin,pickup_address,pickup_state,pickup_city,Order_Type
Sudheina,"h no-1023,Kakching Wairi Ningthou Pareng,near by- kongo gumi",7005377769,795103,RW11337,Kosmos Prime 2,1,8,8,8,1549,1549,MANIPUR,KAKCHING,-,,1549,,kospet collection,8708018631,110087,,"C-8/5 mianwali nagar , paschim vihar delhi",Delhi,Delhi,COD
Qadeer,"h no-27-820, Telephone colony,near by-blus dart couriur",8919272651,517002,RW11333,Kosmos Prime 2,1,8,8,8,1549,1549,ANDHRA PRADESH,Chittoor,-,,1549,,kospet collection,8708018631,110087,,"C-8/5 mianwali nagar , paschim vihar delhi",Delhi,Delhi,COD
Gulshan,"Rawali Mahdood Chauhan Market Sidcul Road Rawali Mahdood, Price medical",7417874029,249403,RW11327,Kosmos Prime 2,1,8,8,8,1549,1549,UTTARAKHAND,Haridwar,-,,1549,,kospet collection,8708018631,110087,,"C-8/5 mianwali nagar , paschim vihar delhi",Delhi,Delhi,COD
Rajesh,"Panchayati rode savalagi, Old syndicate bank savalagi",8073627965,587330,RW11323,Kosmos Prime 2,1,8,8,8,1549,1549,KARNATAKA,JAMKHANDI,-,,1549,,kospet collection,8708018631,110087,,"C-8/5 mianwali nagar , paschim vihar delhi",Delhi,Delhi,COD
BACHALI SRIHARI,"LITTLE FLOWER HIGH SCHOOL, KANTAYAPALEM ROAD",7893554561,506163,RW11319,Kosmos Prime 2,1,8,8,8,1549,1549,TELANGANA,THORRUR,-,,1549,,kospet collection,8708018631,110087,,"C-8/5 mianwali nagar , paschim vihar delhi",Delhi,Delhi,COD
ANIL TATTOOZ.,"STADIUM ROAD CHITRADURGA, Stadium Road CHITRADURGA",9108332580,577501,RW11318,Kosmos Prime 2,1,8,8,8,1549,1549,KARNATAKA,CHITRADURGA,-,,1549,,kospet collection,8708018631,110087,,"C-8/5 mianwali nagar , paschim vihar delhi",Delhi,Delhi,COD
Jagadeesh,"Vaishnavi Serene Hobli Yelahanka, CRPF bhind",8660025044,560064,RW11317,Kosmos Prime 2,1,8,8,8,1549,1549,KARNATAKA,BANGALORE,-,,1549,,kospet collection,8708018631,110087,,"C-8/5 mianwali nagar , paschim vihar delhi",Delhi,Delhi,COD
Daya,"3-245/1, sai temple, fci colony, Vakalipudi",9346719710,533005,RW11316,Kosmos Prime 2,1,8,8,8,1549,1549,ANDHRA PRADESH,kakinada,-,,1549,,kospet collection,8708018631,110087,,"C-8/5 mianwali nagar , paschim vihar delhi",Delhi,Delhi,COD
Kiran,"office add-Parkside East By Brigade Doddakannelli, Hadosiddapura Road, Chikkannahalli, Sarjapur road near St. Stephens Marthoma Church, Bengaluru, Karnataka 560035,alt no-7625085454",9686266632,560035,RW11311,Kosmos Prime 2,1,8,8,8,1549,1549,KARNATAKA,BANGALORE,-,,1549,,kospet collection,8708018631,110087,,"C-8/5 mianwali nagar , paschim vihar delhi",Delhi,Delhi,COD
Kotapati,"#10-128/5, golisoda enterprises Pvt ltd, varasindhi vinayaka Nagar,tiruchanur, Padmashalli bavan, triupati",9381605708,517503,RW11255,Kosmos Prime 2,1,8,8,8,1549,1549,ANDHRA PRADESH,Tirupati,-,,1549,,kospet collection,8708018631,110087,,"C-8/5 mianwali nagar , paschim vihar delhi",Delhi,Delhi,COD
Vinod,"Kurla.mangaspur, Mangaspur",8260726057,770019,RW11254,Kosmos Prime 2,1,8,8,8,1549,1549,ORISSA,Sundargarh,-,,1549,,kospet collection,8708018631,110087,,"C-8/5 mianwali nagar , paschim vihar delhi",Delhi,Delhi,COD
Suresh," h no-85 road Street karanai village vandavasi maravattam thiruvannamalai district manager, Vandavasi tirunamalai district manager,near by-mission temple",9345465905,604408,RW11251,Kosmos Prime 2,1,8,8,8,1549,1549,TAMIL NADU,Cheyyar,-,,1549,,kospet collection,8708018631,110087,,"C-8/5 mianwali nagar , paschim vihar delhi",Delhi,Delhi,COD
Suraj Mishra,"Muthoot Microfin Ltd , Samastipur branch, 2nd Floor, Above BSNL Exchange Office, ilmanasnagar Road, Mathurapur, Samastipur",8210833907,848101,RW11250,Kosmos Prime 2,1,8,8,8,1549,1549,BIHAR,SAMASTIPUR,-,,1549,,kospet collection,8708018631,110087,,"C-8/5 mianwali nagar , paschim vihar delhi",Delhi,Delhi,COD
Khundrakpam,"Thoubal Haokha Maning Leikai, Near, Ebudhou Sorarel Haraobam",9378110318,795138,RW11246,Kosmos Prime 2,1,8,8,8,1549,1549,MANIPUR,THOUBAL,-,,1549,,kospet collection,8708018631,110087,,"C-8/5 mianwali nagar , paschim vihar delhi",Delhi,Delhi,COD
Subhasis,"Mahendra Sarkar Street Lebutala Bowbazar, 18",8240908173,700012,RW11245,Kosmos Prime 2,1,8,8,8,1549,1549,WEST BENGAL,KOLKATA,-,,1549,,kospet collection,8708018631,110087,,"C-8/5 mianwali nagar , paschim vihar delhi",Delhi,Delhi,COD
Siva,"Ramamurthy Nagar Nellore, 524001",7981948695,524003,RW11306,Kosmos Prime 2,1,8,8,8,1549,1549,ANDHRA PRADESH,Nellore,-,,1549,,kospet collection,8708018631,110087,,"C-8/5 mianwali nagar , paschim vihar delhi",Delhi,Delhi,COD
Basil,"Chirackal H Rajakumary south P O Rajakumary Idukki Kerala, Panchayat Rajakumary",9496830605,685619,RW11305,Kosmos Prime 2,1,8,8,8,1549,1549,KERALA,Udumbanchola,-,,1549,,kospet collection,8708018631,110087,,"C-8/5 mianwali nagar , paschim vihar delhi",Delhi,Delhi,COD
Shakti Gajendra Nakhwa,"House no.719, Ashriwad bangalow, Sai baba Mandir road, Kurul village, Neat fish market",7888276631,402201,RW11301,Kosmos Prime 2,1,8,8,8,1549,1549,MAHARASHTRA,Alibaug,-,,1549,,kospet collection,8708018631,110087,,"C-8/5 mianwali nagar , paschim vihar delhi",Delhi,Delhi,COD
Tyson,"Beast mobile accessories, M.G.R silai",8667711792,639006,RW11289,Kosmos Prime 2,1,8,8,8,1549,1549,TAMIL NADU,Karur,-,,1549,,kospet collection,8708018631,110087,,"C-8/5 mianwali nagar , paschim vihar delhi",Delhi,Delhi,COD
Sameer,"Noida, Noida Sector 51 Jj Colony",9326207983,201301,RW11284,Kosmos Prime 2,1,8,8,8,1549,1549,UTTAR PRADESH,NOIDA,-,,1549,,kospet collection,8708018631,110087,,"C-8/5 mianwali nagar , paschim vihar delhi",Delhi,Delhi,COD
Joy,"Mandapeta, maredubaka,post office dor no:2-98, Ambedkar center-1",9581106876,533308,RW11281,Kosmos Prime 2,1,8,8,8,1549,1549,ANDHRA PRADESH,MANDAPETA,-,,1549,,kospet collection,8708018631,110087,,"C-8/5 mianwali nagar , paschim vihar delhi",Delhi,Delhi,COD
PUTTABANTHI UPENDAR,"4-8-12/3,Prakash Nagar kahammam, Atm senter yerukala colony",6305421209,507003,RW11277,Kosmos Prime 2,1,8,8,8,1549,1549,TELANGANA,Khammam,-,,1549,,kospet collection,8708018631,110087,,"C-8/5 mianwali nagar , paschim vihar delhi",Delhi,Delhi,COD
Purushottam,"house add-Balua kaliyaganj, near by-Postophish ,ward no-5",8969847134,854333,RW11266,Kosmos Prime 2,1,8,8,8,1549,1549,BIHAR,ARARIA,-,,1549,,kospet collection,8708018631,110087,,"C-8/5 mianwali nagar , paschim vihar delhi",Delhi,Delhi,COD
Mathan,"Tiruppur, Tiruppur",8870919510,641604,RW11262,Kosmos Prime 2,1,8,8,8,1549,1549,TAMIL NADU,Tirupur,-,,1549,,kospet collection,8708018631,110087,,"C-8/5 mianwali nagar , paschim vihar delhi",Delhi,Delhi,COD
Vimal,"Muthalamman kovil street, chinnamanur, Near muthalamman",8667358913,625515,RW11258,Kosmos Prime 2,1,8,8,8,1549,1549,TAMIL NADU,Theni,-,,1549,,kospet collection,8708018631,110087,,"C-8/5 mianwali nagar , paschim vihar delhi",Delhi,Delhi,COD
Khundrakpam,"Thoubal Haokha Maning Leikai, Near, Ebudhou Sorarel Haraobam",9378110318,795138,RW11246,Kosmos Prime 2,1,8,8,8,1549,1549,MANIPUR,THOUBAL,-,,1549,,kospet collection,8708018631,110087,,"C-8/5 mianwali nagar , paschim vihar delhi",Delhi,Delhi,COD
Ningthoujam Sanjit,"Salungpham kangyambem primary health sub center, Facebook",7005967079,795148,RW11241,Kosmos Prime 2,1,8,8,8,1549,1549,MANIPUR,THOUBAL,-,,1549,,kospet collection,8708018631,110087,,"C-8/5 mianwali nagar , paschim vihar delhi",Delhi,Delhi,COD
Swapnil Wathore,"Waghmare hospital baba nagar, Mahatma phule high school",7798991358,431605,RW11238,Kosmos Prime 2,1,8,8,8,1549,1549,MAHARASHTRA,Nanded,-,,1549,,kospet collection,8708018631,110087,,"C-8/5 mianwali nagar , paschim vihar delhi",Delhi,Delhi,COD
Abhishek Singh,"Gole ka mandir near dharam veer patrol pump vijay laxmi vihar n near unipatch factoryana nagar, Sideshwar temple near dhramveer patrol pump",9516601268,474005,RW11219,Kosmos Prime 2,1,8,8,8,1549,1549,MADHYA PRADESH,GWALIOR,-,,1549,,kospet collection,8708018631,110087,,"C-8/5 mianwali nagar , paschim vihar delhi",Delhi,Delhi,COD
Pradeep Singh thakur,"Thandla, Tejaji mandir ke piche mahavir milk center",8878185828,457777,RW11178,Kosmos Prime 2,1,8,8,8,1549,1549,MADHYA PRADESH,THANDLA,-,,1549,,kospet collection,8708018631,110087,,"C-8/5 mianwali nagar , paschim vihar delhi",Delhi,Delhi,COD
Rohit Roy,"From mohiuddinpur post sisauni polish station dandari dirctic begusarai near hospital chowk devours near, Word number 6",8877008348,851130,RW11177,Kosmos Prime 2,1,8,8,8,1549,1549,BIHAR,BEGUSARAI,-,,1549,,kospet collection,8708018631,110087,,"C-8/5 mianwali nagar , paschim vihar delhi",Delhi,Delhi,COD
Selva,"Salem, Rto",7806898678,636010,RW11176,Kosmos Prime 2,1,8,8,8,1549,1549,TAMIL NADU,SALEM,-,,1549,,kospet collection,8708018631,110087,,"C-8/5 mianwali nagar , paschim vihar delhi",Delhi,Delhi,COD
Zahid,"B 12/29 a,gauriganj. Bhelupur, varanasi, Apartment",7905608816,221001,RW11169,Kosmos Prime 2,1,8,8,8,1549,1549,UTTAR PRADESH,VARANASI,-,,1549,,kospet collection,8708018631,110087,,"C-8/5 mianwali nagar , paschim vihar delhi",Delhi,Delhi,COD
Amitabh Letka,"Amitabh letka village kadiwan p.o kadiwan tehsil tikkar distt Shimla, Mashu",8988276976,171203,RW11166,Kosmos Prime 2,1,8,8,8,1549,1549,HIMACHAL PRADESH,Mashu,-,,1549,,kospet collection,8708018631,110087,,"C-8/5 mianwali nagar , paschim vihar delhi",Delhi,Delhi,COD
Dinesh Jadhav,"Precious Harmony, D 404, katrap road , near pranji garden phase 2, Opposite Maruti garage/showroom",9920543415,421503,RW11162,Kosmos Prime 2,1,8,8,8,1549,1549,MAHARASHTRA,THANE,-,,1549,,kospet collection,8708018631,110087,,"C-8/5 mianwali nagar , paschim vihar delhi",Delhi,Delhi,COD
Jayanth naik,"Vaddarapalya, Vaddarapalya",9591624616,560105,RW11160,Kosmos Prime 2,1,8,8,8,1549,1549,KARNATAKA,BANGALORE,-,,1549,,kospet collection,8708018631,110087,,"C-8/5 mianwali nagar , paschim vihar delhi",Delhi,Delhi,COD
Umerbadusha,"Puthiyath (h) POOKKOTTUMPADAM (PO) MALAPPURAM (DISTRICT) KERALA (PIN 679332), Cp communication, highschool road",9744464467,679332,RW11159,Kosmos Prime 2,1,8,8,8,1549,1549,KERALA,POOKKOTTUMPADAM,-,,1549,,kospet collection,8708018631,110087,,"C-8/5 mianwali nagar , paschim vihar delhi",Delhi,Delhi,COD
Pravin,"1-189,( near amman temple), Kalyanamandapam St, Madampillaidharmam",7540052020,627114,RW11120,Kosmos Prime 2,1,8,8,8,1549,1549,TAMIL NADU,ANJUGRAMAM,-,,1549,,kospet collection,8708018631,110087,,"C-8/5 mianwali nagar , paschim vihar delhi",Delhi,Delhi,COD
