Pincode,AreaCode,ProcessCode,HubZoneName,HubCity,HubState,COD,PrePaid,HasReversePickUpService
574325,,,South-2,KALLERI,KARNATAKA,Y,Y,Y
691319,,,South-2,KOLLAM,KERALA,Y,Y,Y
591226,,,South-2,Chikodi,KARNATAKA,Y,Y,Y
591287,,,South-2,Chikodi,KARNATAKA,Y,Y,Y
591247,,,South-2,Chikodi,KARNATAKA,Y,Y,Y
591222,,,South-2,Chikodi,KARNATAKA,Y,Y,Y
573215,,,South-2,Halebeedu,KARNATAKA,Y,Y,Y
573101,,,South-2,Halebeedu,KARNATAKA,Y,Y,Y
581340,,,South-2,Sirsi,KARNATAKA,Y,Y,Y
581348,,,South-2,Honnavar,KARNATAKA,Y,Y,Y
431138,,,West,Paithan,MAHARASHTRA,Y,Y,Y
416145,,,West,Sangli,MAHARASHTRA,Y,Y,Y
416540,,,West,Sangli,MAHARASHTRA,Y,Y,Y
415507,,,West,Vaduj,MAHARASHTRA,Y,Y,Y
416322,,,West,Islampur,MAHARASHTRA,Y,Y,Y
416307,,,West,Tasgaon,MAHARASHTRA,Y,Y,Y
416306,,,West,Sangli,MAHARASHTRA,Y,Y,Y
185156,,,North,SUNDERBANI,JAMMU AND KASHMIR,Y,Y,Y
413550,,,West,SHIRUR ANANTPAL,MAHARASHTRA,Y,Y,N
413549,,,West,SHIRUR ANANTPAL,MAHARASHTRA,Y,Y,N
413548,,,West,SHIRUR ANANTPAL,MAHARASHTRA,Y,Y,N
413547,,,West,SHIRUR ANANTPAL,MAHARASHTRA,Y,Y,N
413546,,,West,SHIRUR ANANTPAL,MAHARASHTRA,Y,Y,N
413545,,,West,SHIRUR ANANTPAL,MAHARASHTRA,Y,Y,N
410065,,,West,SAIDAPURA SATARA,MAHARASHTRA,Y,Y,Y
152025,,,North,Muktsar,PUNJAB,Y,Y,Y
230130,,,North,Lalganj Ajhara,UTTAR PRADESH,Y,Y,Y
312618,,,North,Pratapgarh-RJ,RAJASTHAN,Y,Y,Y
403409,,,West,GOA,GOA,Y,Y,Y
403405,,,West,GOA,GOA,Y,Y,Y
412111,,,West,PIRANGUT,MAHARASHTRA,Y,Y,Y
412042,,,West,PIRANGUT,MAHARASHTRA,Y,Y,Y
416529,,,West,Sawantwadi,MAHARASHTRA,Y,Y,Y
430005,,,West,Aurangabad,MAHARASHTRA,Y,Y,Y
534215,,,South-1,Tanuku,ANDHRA PRADESH,Y,Y,Y
532215,,,South-1,PATHAPATNAM,ANDHRA PRADESH,Y,Y,Y
415109,,,West,KARAD,MAHARASHTRA,Y,Y,Y
413117,,,West,Walchandnagar,MAHARASHTRA,Y,Y,Y
144502,,,North,Phagwara,PUNJAB,Y,Y,Y
485661,,,Central,MAIHAR,MADHYA PRADESH,Y,Y,Y
431110,,,West,Gangapur-MH,MAHARASHTRA,Y,Y,Y
321006,,,North,Kherli,RAJASTHAN,Y,Y,Y
325601,,,North,KHANPUR RJ,RAJASTHAN,Y,Y,Y
391230,,,West,Karjan,GUJARAT,Y,Y,Y
322245,,,North,Karauli,RAJASTHAN,Y,Y,Y
396330,,,West,Kadi,GUJARAT,Y,Y,Y
577181,,,South-2,KALASA,KARNATAKA,Y,Y,Y
577124,,,South-2,KALASA,KARNATAKA,Y,Y,Y
412413,,,West,Junnar,MAHARASHTRA,Y,Y,Y
364465,,,West,JETPUR,GUJARAT,Y,Y,Y
360150,,,West,Bhanvad,GUJARAT,Y,Y,Y
364560,,,West,Rajula,GUJARAT,Y,Y,Y
363334,,,West,Halvad,GUJARAT,Y,Y,Y
144631,,,North,Kapurthala,PUNJAB,Y,Y,Y
144819,,,North,Kapurthala,PUNJAB,Y,Y,Y
455118,,,Central,DEWAS,MADHYA PRADESH,Y,Y,Y
455116,,,Central,DEWAS,MADHYA PRADESH,Y,Y,Y
414709,,,West,Daund,MAHARASHTRA,Y,Y,Y
414702,,,West,Daund,MAHARASHTRA,Y,Y,Y
410520,,,West,Baramati,MAHARASHTRA,Y,Y,Y
243727,,,North,Anupshahar,UTTAR PRADESH,Y,Y,Y
383002,,,West,Himmatnagar,GUJARAT,Y,Y,Y
364540,,,West,Amreli,GUJARAT,Y,Y,Y
734423,,,East,SILIGURI,WEST BENGAL,Y,Y,Y
752038,,,East,BHUBANESWAR,ORISSA,Y,Y,Y
843311,,,East,SITAMARHI,BIHAR,Y,Y,Y
574265,,,South-2,Bantwal,KARNATAKA,Y,Y,Y
323305,,,North,CHITTORGARH,RAJASTHAN,Y,Y,Y
212217,,,North,Allahabad,UTTAR PRADESH,Y,Y,N
212205,,,North,Allahabad,UTTAR PRADESH,Y,Y,N
212204,,,North,Allahabad,UTTAR PRADESH,Y,Y,N
431148,,,West,Paithan,MAHARASHTRA,Y,Y,Y
431107,,,West,PAITHAN,MAHARASHTRA,Y,Y,Y
414503,,,West,Shevgaon,MAHARASHTRA,Y,Y,N
488446,,,Central,Panna,MADHYA PRADESH,Y,Y,Y
517372,,,South-1,MULAKALACHERUVU,ANDHRA PRADESH,Y,Y,N
517351,,,South-1,B Kothakota,ANDHRA PRADESH,Y,Y,Y
517371,,,South-1,MULAKALACHERUVU,ANDHRA PRADESH,Y,Y,N
517391,,,South-1,B Kothakota,ANDHRA PRADESH,Y,Y,Y
517390,,,South-1,B Kothakota,ANDHRA PRADESH,Y,Y,Y
131103,,,North,Sonepat,HARYANA,Y,Y,N
450114,,,Central,Mundi,MADHYA PRADESH,Y,Y,Y
274702,,,North,Salempur,UTTAR PRADESH,Y,Y,Y
274803,,,North,KHADDA UP,UTTAR PRADESH,Y,Y,Y
794106,,,North East,MAHENDRAGANJ,MEGHALAYA,Y,Y,N
680684,,,South-2,Chalakudi,KERALA,Y,Y,Y
680689,,,South-2,Chalakudi,KERALA,Y,Y,Y
690534,,,South-2,Kayamkulam,KERALA,Y,Y,Y
752102,,,East,BHUBANESWAR,ORISSA,Y,Y,Y
841411,,,East,Marhowarah,BIHAR,Y,Y,Y
825315,,,East,Phusro,JHARKHAND,Y,Y,Y
848202,,,East,BAKHRI,BIHAR,Y,Y,Y
855102,,,East,Chandi-BH,BIHAR,Y,Y,Y
731213,,,East,Mohammad Bazar,WEST BENGAL,Y,Y,Y
713383,,,East,Raniganj,BIHAR,Y,Y,Y
721166,,,East,Lutunia,WEST BENGAL,Y,Y,Y
721438,,,East,Egra,WEST BENGAL,Y,Y,Y
712426,,,East,Hooghly,WEST BENGAL,Y,Y,Y
712424,,,East,Tarkeshwar,WEST BENGAL,Y,Y,Y
712419,,,East,Tarkeshwar,WEST BENGAL,Y,Y,Y
742185,,,East,Jangipur,WEST BENGAL,Y,Y,Y
742164,,,East,Berhampore,WEST BENGAL,Y,Y,Y
741162,,,East,Nakashipara,WEST BENGAL,Y,Y,Y
713361,,,East,Asansol,WEST BENGAL,Y,Y,Y
722163,,,East,Simlapal,WEST BENGAL,Y,Y,Y
713429,,,East,Manteswar,WEST BENGAL,Y,Y,Y
713419,,,East,Panagarh,WEST BENGAL,Y,Y,Y
713369,,,East,KULTI MC,WEST BENGAL,Y,Y,Y
713365,,,East,SALANPUR,WEST BENGAL,Y,Y,Y
229124,,,North,Salon,UTTAR PRADESH,Y,Y,Y
311303,,,North,BADNOR,RAJASTHAN,Y,Y,Y
301711,,,North,NEEMRANA,RAJASTHAN,Y,Y,Y
301036,,,North,Tijara,RAJASTHAN,Y,Y,Y
301418,,,North,BHIWADI,RAJASTHAN,Y,Y,Y
301417,,,North,BHIWADI,RAJASTHAN,Y,Y,Y
143408,,,North,Goindwal,PUNJAB,Y,Y,Y
141308,,,North,Jalandhar,PUNJAB,Y,Y,Y
141307,,,North,Jalandhar,PUNJAB,Y,Y,Y
464116,,,Central,VIDISHA,MADHYA PRADESH,Y,Y,Y
464110,,,Central,VIDISHA,MADHYA PRADESH,Y,Y,Y
160099,,,North,MOHALI,PUNJAB,Y,Y,Y
160098,,,North,MOHALI,PUNJAB,Y,Y,Y
160097,,,North,MOHALI,PUNJAB,Y,Y,Y
160096,,,North,MOHALI,PUNJAB,Y,Y,Y
160095,,,North,MOHALI,PUNJAB,Y,Y,Y
160094,,,North,MOHALI,PUNJAB,Y,Y,Y
160093,,,North,MOHALI,PUNJAB,Y,Y,Y
160092,,,North,MOHALI,PUNJAB,Y,Y,Y
160091,,,North,MOHALI,PUNJAB,Y,Y,Y
470000,,,Central,Khurai,MADHYA PRADESH,Y,Y,Y
481339,,,Central,WARASEONI,MADHYA PRADESH,Y,Y,Y
431176,,,West,KADA,MAHARASHTRA,Y,Y,Y
414674,,,West,KADA,MAHARASHTRA,Y,Y,Y
431161,,,West,NEWASA,MAHARASHTRA,Y,Y,Y
430004,,,West,BANDA MH,MAHARASHTRA,Y,Y,Y
416515,,,West,Sawantwadi,MAHARASHTRA,Y,Y,Y
416146,,,West,Sangli,MAHARASHTRA,Y,Y,Y
430507,,,West,Goa,Goa,Y,Y,Y
410005,,,West,Kolhapur,MAHARASHTRA,Y,Y,Y
416019,,,West,Kolhapur,MAHARASHTRA,Y,Y,Y
413119,,,West,MALASHIRAS,MAHARASHTRA,Y,Y,Y
413543,,,West,SHIRUR ANANTPAL,MAHARASHTRA,Y,Y,N
413542,,,West,SHIRUR ANANTPAL,MAHARASHTRA,Y,Y,N
413541,,,West,SHIRUR ANANTPAL,MAHARASHTRA,Y,Y,N
416435,,,West,Sangli,MAHARASHTRA,Y,Y,Y
416423,,,West,Sangli,MAHARASHTRA,Y,Y,Y
416437,,,West,Sangli,MAHARASHTRA,Y,Y,Y
413603,,,West,Naldurg,MAHARASHTRA,Y,Y,Y
413602,,,West,Naldurg,MAHARASHTRA,Y,Y,Y
384350,,,West,VADNAGAR,GUJARAT,Y,Y,Y
384329,,,West,VADNAGAR,GUJARAT,Y,Y,Y
384328,,,West,VADNAGAR,GUJARAT,Y,Y,Y
384327,,,West,VADNAGAR,GUJARAT,Y,Y,Y
384323,,,West,VADNAGAR,GUJARAT,Y,Y,Y
384321,,,West,VADNAGAR,GUJARAT,Y,Y,Y
384319,,,West,VADNAGAR,GUJARAT,Y,Y,Y
384280,,,West,Patan,GUJARAT,Y,Y,Y
384278,,,West,Patan,GUJARAT,Y,Y,Y
384257,,,West,Patan,GUJARAT,Y,Y,Y
384256,,,West,Patan,GUJARAT,Y,Y,Y
384228,,,West,Patan,GUJARAT,Y,Y,Y
384227,,,West,Patan,GUJARAT,Y,Y,Y
384222,,,West,Patan,GUJARAT,Y,Y,Y
384112,,,West,Patan,GUJARAT,Y,Y,Y
384111,,,West,Patan,GUJARAT,Y,Y,Y
382740,,,West,KALOL,GUJARAT,Y,Y,Y
382845,,,West,Kalol,GUJARAT,Y,Y,Y
382121,,,West,KALOL,GUJARAT,Y,Y,Y
382166,,,West,KALOL,GUJARAT,Y,Y,Y
382770,,,West,PATADI,GUJARAT,Y,Y,Y
382160,,,West,Viramgam,GUJARAT,Y,Y,Y
382155,,,West,SANAND,GUJARAT,Y,Y,Y
382276,,,West,LIMDI,GUJARAT,Y,Y,Y
382270,,,West,LIMDI,GUJARAT,Y,Y,Y
382241,,,West,LIMDI,GUJARAT,Y,Y,Y
394660,,,West,Vyara,GUJARAT,Y,Y,Y
394365,,,West,Surat,GUJARAT,Y,Y,Y
508238,,,South-1,Kodad,TELANGANA,Y,Y,Y
518425,,,South-1,Atmakur,ANDHRA PRADESH,Y,Y,Y
518424,,,South-1,Atmakur,ANDHRA PRADESH,Y,Y,Y
518535,,,South-1,Atmakur,ANDHRA PRADESH,Y,Y,Y
508257,,,South-1,Devarakonda,TELANGANA,Y,Y,Y
643205,,,South-2,NIL GIRIS,TAMIL NADU,Y,Y,Y
643220,,,South-2,Gudalur,TAMIL NADU,Y,Y,Y
643239,,,South-2,NIL GIRIS,TAMIL NADU,Y,Y,Y
643241,,,South-2,NIL GIRIS,TAMIL NADU,Y,Y,Y
643253,,,South-2,Gudalur,TAMIL NADU,Y,Y,Y
643233,,,South-2,Gudalur,TAMIL NADU,Y,Y,Y
689549,,,South-2,Kozhencherry,KERALA,Y,Y,Y
689514,,,South-2,Pathanamthitta,KERALA,Y,Y,Y
689532,,,South-2,Kozhencherry,KERALA,Y,Y,Y
689654,,,South-2,Kozhencherry,KERALA,Y,Y,Y
689641,,,South-2,Kozhencherry,KERALA,Y,Y,Y
274502,,,North,Salempur,UTTAR PRADESH,Y,Y,N
443308,,,West,Dusrabid,MAHARASHTRA,Y,Y,N
443206,,,West,Deaulgaon Raja,MAHARASHTRA,Y,Y,Y
577553,,,South-2,Jagaluru,KARNATAKA,Y,Y,N
577528,,,South-2,Jagaluru,KARNATAKA,Y,Y,N
283114,,,North,BAAH,UTTAR PRADESH,Y,Y,N
283113,,,North,BAAH,UTTAR PRADESH,Y,Y,N
283123,,,North,BAAH,UTTAR PRADESH,Y,Y,N
283104,,,North,BAAH,UTTAR PRADESH,Y,Y,Y
686582,,,South-2,ERATTUPETTA,KERALA,Y,Y,N
686581,,,South-2,Palai,KERALA,Y,Y,Y
686121,,,South-2,KOTTAYAM,KERALA,Y,Y,Y
766108,,,East,KHARIAR,ORISSA,Y,Y,Y
766106,,,East,KHARIAR,ORISSA,Y,Y,N
766107,,,East,Khariar,ORISSA,Y,Y,Y
306023,,,North,Marwar Junction,RAJASTHAN,Y,Y,N
306001,,,North,JAIPUR,RAJASTHAN,Y,Y,N
224118,,,North,Rudauli,UTTAR PRADESH,Y,Y,N
224116,,,North,Rudauli,UTTAR PRADESH,Y,Y,N
224120,,,North,Rudauli,UTTAR PRADESH,Y,Y,Y
767051,,,East,KANTABANJI,ORISSA,Y,Y,N
767049,,,East,KHARIAR,ORISSA,Y,Y,N
767060,,,East,Kantabanji,ORISSA,Y,Y,Y
767039,,,East,Kantabanji,ORISSA,Y,Y,Y
533230,,,South-1,RAVULAPALEM,ANDHRA PRADESH,Y,Y,N
193411,,,North,MAGAM,JAMMU AND KASHMIR,Y,Y,N
193401,,,North,MAGAM,JAMMU AND KASHMIR,Y,Y,N
742303,,,East,Domkal,WEST BENGAL,Y,Y,Y
742304,,,East,Domkal,WEST BENGAL,Y,Y,Y
241125,,,North,Shahabad,UTTAR PRADESH,Y,Y,Y
241124,,,North,Shahabad,UTTAR PRADESH,Y,Y,Y
811103,,,East,Sheikhpura,BIHAR,Y,Y,N
805108,,,East,Pakribarwan,BIHAR,Y,Y,Y
413580,,,West,Osmanabad,MAHARASHTRA,Y,Y,Y
364135,,,West,TALAJA,GUJARAT,Y,Y,N
364150,,,West,Rajaparatwo,GUJARAT,Y,Y,N
364140,,,West,Rajaparatwo,GUJARAT,Y,Y,N
413613,,,West,HADGAON,MAHARASHTRA,Y,Y,Y
431149,,,West,WADWANI,MAHARASHTRA,Y,Y,N
431144,,,West,WADWANI,MAHARASHTRA,Y,Y,N
711410,,,East,Udaynarayanpur,WEST BENGAL,Y,Y,Y
752120,,,East,Nimapara,ORISSA,Y,Y,Y
765029,,,East,GUNUPUR,ORISSA,Y,Y,Y
765026,,,East,GUNUPUR,ORISSA,Y,Y,Y
